0,Brook,chars\cc'brook'mn\cc'brook'mn.def
1,Bowser,chars\bowser\bowser.def
2,Genji,chars\genji\genji.def
3,chica,chars\toy_chica\toy_chica.def
4,Sylvanas,chars\sylvanas\sylvanas.def
5,Pinkie Pie,chars\pinkie pie\pinkie pie.def
6,Lucario,chars\lucario_m\lucario_m.def
7,Goku,chars\gokuz2\gokuz2.def
8,Renamon,chars\renamondv2\renamondv2.def
9,Luffy,chars\luffy\luffy.def
10,Rainbow Dash,chars\rainbow dash\rainbow dash.def
11,Vegeta Z2,chars\vegetaz2\vegetaz2.def
12,Scott Pilgrim,chars\scott pilgrim\scott pilgrim.def
13,Yoshi,chars\yoshi3revbuffed\yoshi3revbuffed.def
14,Hanzo,chars\4550\4550.def
15,Lucina,chars\lucina\lucina.def
16,Freeza,chars\freezaz2\freezaz2.def
17,Chrom,chars\chrom\chrom.def
18,Mihawk,chars\mihawk\mihawk.def
19,DIO,chars\dio\dio.def
20,Foxy,chars\old_foxy\old_foxy.def
21,ZoroRoronoa,chars\zorororonoa\zorororonoa.def
22,Jotaro,chars\jotaro\jotaro.def
23,Donald,chars\donald\donald.def
24,NARUTO KUN,chars\naruto-kun\naruto-kun.def
25,Jin,chars\jin\jin.def
